path,resolution,sys,series,sys_id,img_id,format,date
4000/01/grid_sys01_seed1002.png,4000,01,grid,sys01,seed1002,png,2021-09-19
800/01/grid_sys01_seed1002.png,800,01,grid,sys01,seed1002,png,2021-09-19
4000/01/grid_sys01_seed1004.png,4000,01,grid,sys01,seed1004,png,2021-09-19
800/01/grid_sys01_seed1004.png,800,01,grid,sys01,seed1004,png,2021-09-19
4000/01/grid_sys01_seed1038.png,4000,01,grid,sys01,seed1038,png,2021-09-19
800/01/grid_sys01_seed1038.png,800,01,grid,sys01,seed1038,png,2021-09-19
4000/01/grid_sys01_seed1056.png,4000,01,grid,sys01,seed1056,png,2021-09-19
800/01/grid_sys01_seed1056.png,800,01,grid,sys01,seed1056,png,2021-09-19
4000/01/grid_sys01_seed1057.png,4000,01,grid,sys01,seed1057,png,2021-09-19
800/01/grid_sys01_seed1057.png,800,01,grid,sys01,seed1057,png,2021-09-19
4000/01/grid_sys01_seed1060.png,4000,01,grid,sys01,seed1060,png,2021-09-19
800/01/grid_sys01_seed1060.png,800,01,grid,sys01,seed1060,png,2021-09-19
4000/01/grid_sys01_seed1066.png,4000,01,grid,sys01,seed1066,png,2021-09-19
800/01/grid_sys01_seed1066.png,800,01,grid,sys01,seed1066,png,2021-09-19
4000/01/grid_sys01_seed1067.png,4000,01,grid,sys01,seed1067,png,2021-09-19
800/01/grid_sys01_seed1067.png,800,01,grid,sys01,seed1067,png,2021-09-19
4000/01/grid_sys01_seed1074.png,4000,01,grid,sys01,seed1074,png,2021-09-19
800/01/grid_sys01_seed1074.png,800,01,grid,sys01,seed1074,png,2021-09-19
4000/01/grid_sys01_seed1075.png,4000,01,grid,sys01,seed1075,png,2021-09-19
800/01/grid_sys01_seed1075.png,800,01,grid,sys01,seed1075,png,2021-09-19
4000/01/grid_sys01_seed1076.png,4000,01,grid,sys01,seed1076,png,2021-09-19
800/01/grid_sys01_seed1076.png,800,01,grid,sys01,seed1076,png,2021-09-19
4000/01/grid_sys01_seed1078.png,4000,01,grid,sys01,seed1078,png,2021-09-19
800/01/grid_sys01_seed1078.png,800,01,grid,sys01,seed1078,png,2021-09-19
4000/01/grid_sys01_seed1079.png,4000,01,grid,sys01,seed1079,png,2021-09-19
800/01/grid_sys01_seed1079.png,800,01,grid,sys01,seed1079,png,2021-09-19
4000/01/grid_sys01_seed1082.png,4000,01,grid,sys01,seed1082,png,2021-09-19
800/01/grid_sys01_seed1082.png,800,01,grid,sys01,seed1082,png,2021-09-19
4000/01/grid_sys01_seed1094.png,4000,01,grid,sys01,seed1094,png,2021-09-19
800/01/grid_sys01_seed1094.png,800,01,grid,sys01,seed1094,png,2021-09-19
4000/01/grid_sys01_seed1097.png,4000,01,grid,sys01,seed1097,png,2021-09-19
800/01/grid_sys01_seed1097.png,800,01,grid,sys01,seed1097,png,2021-09-19
4000/02/grid_sys02_seed1101.png,4000,02,grid,sys02,seed1101,png,2021-09-19
800/02/grid_sys02_seed1101.png,800,02,grid,sys02,seed1101,png,2021-09-19
4000/02/grid_sys02_seed1120.png,4000,02,grid,sys02,seed1120,png,2021-09-19
800/02/grid_sys02_seed1120.png,800,02,grid,sys02,seed1120,png,2021-09-19
4000/02/grid_sys02_seed1127.png,4000,02,grid,sys02,seed1127,png,2021-09-19
800/02/grid_sys02_seed1127.png,800,02,grid,sys02,seed1127,png,2021-09-19
4000/02/grid_sys02_seed1132.png,4000,02,grid,sys02,seed1132,png,2021-09-19
800/02/grid_sys02_seed1132.png,800,02,grid,sys02,seed1132,png,2021-09-19
4000/02/grid_sys02_seed1142.png,4000,02,grid,sys02,seed1142,png,2021-09-19
800/02/grid_sys02_seed1142.png,800,02,grid,sys02,seed1142,png,2021-09-19
4000/02/grid_sys02_seed1143.png,4000,02,grid,sys02,seed1143,png,2021-09-19
800/02/grid_sys02_seed1143.png,800,02,grid,sys02,seed1143,png,2021-09-19
4000/02/grid_sys02_seed1146.png,4000,02,grid,sys02,seed1146,png,2021-09-19
800/02/grid_sys02_seed1146.png,800,02,grid,sys02,seed1146,png,2021-09-19
4000/02/grid_sys02_seed1148.png,4000,02,grid,sys02,seed1148,png,2021-09-19
800/02/grid_sys02_seed1148.png,800,02,grid,sys02,seed1148,png,2021-09-19
4000/02/grid_sys02_seed1149.png,4000,02,grid,sys02,seed1149,png,2021-09-19
800/02/grid_sys02_seed1149.png,800,02,grid,sys02,seed1149,png,2021-09-19
4000/02/grid_sys02_seed1164.png,4000,02,grid,sys02,seed1164,png,2021-09-19
800/02/grid_sys02_seed1164.png,800,02,grid,sys02,seed1164,png,2021-09-19
4000/02/grid_sys02_seed1167.png,4000,02,grid,sys02,seed1167,png,2021-09-19
800/02/grid_sys02_seed1167.png,800,02,grid,sys02,seed1167,png,2021-09-19
4000/02/grid_sys02_seed1170.png,4000,02,grid,sys02,seed1170,png,2021-09-19
800/02/grid_sys02_seed1170.png,800,02,grid,sys02,seed1170,png,2021-09-19
4000/02/grid_sys02_seed1181.png,4000,02,grid,sys02,seed1181,png,2021-09-19
800/02/grid_sys02_seed1181.png,800,02,grid,sys02,seed1181,png,2021-09-19
4000/02/grid_sys02_seed1188.png,4000,02,grid,sys02,seed1188,png,2021-09-19
800/02/grid_sys02_seed1188.png,800,02,grid,sys02,seed1188,png,2021-09-19
4000/02/grid_sys02_seed1198.png,4000,02,grid,sys02,seed1198,png,2021-09-19
800/02/grid_sys02_seed1198.png,800,02,grid,sys02,seed1198,png,2021-09-19
4000/02/grid_sys02_seed1199.png,4000,02,grid,sys02,seed1199,png,2021-09-19
800/02/grid_sys02_seed1199.png,800,02,grid,sys02,seed1199,png,2021-09-19
4000/03/grid_sys03_seed1201.png,4000,03,grid,sys03,seed1201,png,2021-09-19
800/03/grid_sys03_seed1201.png,800,03,grid,sys03,seed1201,png,2021-09-19
4000/03/grid_sys03_seed1209.png,4000,03,grid,sys03,seed1209,png,2021-09-19
800/03/grid_sys03_seed1209.png,800,03,grid,sys03,seed1209,png,2021-09-19
4000/03/grid_sys03_seed1220.png,4000,03,grid,sys03,seed1220,png,2021-09-19
800/03/grid_sys03_seed1220.png,800,03,grid,sys03,seed1220,png,2021-09-19
4000/03/grid_sys03_seed1226.png,4000,03,grid,sys03,seed1226,png,2021-09-19
800/03/grid_sys03_seed1226.png,800,03,grid,sys03,seed1226,png,2021-09-19
4000/03/grid_sys03_seed1233.png,4000,03,grid,sys03,seed1233,png,2021-09-19
800/03/grid_sys03_seed1233.png,800,03,grid,sys03,seed1233,png,2021-09-19
4000/03/grid_sys03_seed1238.png,4000,03,grid,sys03,seed1238,png,2021-09-19
800/03/grid_sys03_seed1238.png,800,03,grid,sys03,seed1238,png,2021-09-19
4000/03/grid_sys03_seed1242.png,4000,03,grid,sys03,seed1242,png,2021-09-19
800/03/grid_sys03_seed1242.png,800,03,grid,sys03,seed1242,png,2021-09-19
4000/03/grid_sys03_seed1246.png,4000,03,grid,sys03,seed1246,png,2021-09-19
800/03/grid_sys03_seed1246.png,800,03,grid,sys03,seed1246,png,2021-09-19
4000/03/grid_sys03_seed1252.png,4000,03,grid,sys03,seed1252,png,2021-09-19
800/03/grid_sys03_seed1252.png,800,03,grid,sys03,seed1252,png,2021-09-19
4000/03/grid_sys03_seed1266.png,4000,03,grid,sys03,seed1266,png,2021-09-19
800/03/grid_sys03_seed1266.png,800,03,grid,sys03,seed1266,png,2021-09-19
4000/03/grid_sys03_seed1274.png,4000,03,grid,sys03,seed1274,png,2021-09-19
800/03/grid_sys03_seed1274.png,800,03,grid,sys03,seed1274,png,2021-09-19
4000/03/grid_sys03_seed1279.png,4000,03,grid,sys03,seed1279,png,2021-09-19
800/03/grid_sys03_seed1279.png,800,03,grid,sys03,seed1279,png,2021-09-19
4000/03/grid_sys03_seed1284.png,4000,03,grid,sys03,seed1284,png,2021-09-19
800/03/grid_sys03_seed1284.png,800,03,grid,sys03,seed1284,png,2021-09-19
4000/03/grid_sys03_seed1286.png,4000,03,grid,sys03,seed1286,png,2021-09-19
800/03/grid_sys03_seed1286.png,800,03,grid,sys03,seed1286,png,2021-09-19
4000/03/grid_sys03_seed1288.png,4000,03,grid,sys03,seed1288,png,2021-09-19
800/03/grid_sys03_seed1288.png,800,03,grid,sys03,seed1288,png,2021-09-19
4000/03/grid_sys03_seed1295.png,4000,03,grid,sys03,seed1295,png,2021-09-19
800/03/grid_sys03_seed1295.png,800,03,grid,sys03,seed1295,png,2021-09-19
